{"eye_transform": [[5.0981600043474105, -1.499271671962969, -168.94082184150923], [8.251580980667878, 25.803367692793664, -5244.702874902298]], "head_transform": [[-4.004534011587498, 4.108022381684867, 1194.686918912917], [3.5070812138532186, 14.561794573999286, -3090.0677493405638]]}